{
  "MAE": 0.07059079705996042,
  "MSE": 0.028267740666866777,
  "RMSE": 0.16813013015776435,
  "R2": 0.01464225716595513,
  "model": "RandomForest"
}