{
  "best_params": {
    "model__n_estimators": 100,
    "model__min_samples_split": 10,
    "model__min_samples_leaf": 4,
    "model__max_features": "log2",
    "model__max_depth": 18
  },
  "metrics": {
    "MAE": 0.07016703824731449,
    "MSE": 0.028194661647275392,
    "RMSE": 0.16791266077123365,
    "R2": 0.017189647799034424
  }
}